{"MSE": 20658.322580645163, "R2": 0.19343121096028515}