{"MSE": 17156.30691169967, "R2": 0.330161408984488}