{"MSE": 14609.101077196425, "R2": 0.4296126939254561}