{"MSE": 0.2119127033224067, "R2": 0.8282964376267388}