{"MSE": 16925.374825050785, "R2": 0.3391777564033881}