{"training_duration": 0.27994489669799805, "interference_latency": 4.258500524314053e-06, "training_RMSE_loss": 4.957209369781552, "training_R2": -0.035337184557582474, "validation_RMSE_loss": 6.503233888095483, "validation_R2": -0.0692164557320731, "testing_RMSE_loss": 6.517845061888178, "testing_R2": -0.03718788293470819}