{"MSE": 13527.872940340114, "R2": 0.4718273928980107}