{"MSE": 13397.356282906365, "R2": 0.47692319203295486}