{"validation_accuracy": 0.384, "validation_precision": 0.4089255572014193, "validation_recall": 0.38330720653301303, "validation_f1": 0.3786074980360695}