{"Accuracy": 0.3870967741935484, "Precision": 0.3752187625214885, "Recall": 0.3733695652173913, "F1": 0.35807295223556823}