{"Accuracy": 0.43373493975903615, "Precision": 0.4065652173913043, "Recall": 0.40881372549019607, "F1": 0.38325312453410315}