{"validation_accuracy": 0.32, "validation_precision": 0.32179487179487176, "validation_recall": 0.31934236611655964, "validation_f1": 0.3074079284146628}