{"MSE": 13835.67447219648, "R2": 0.45980980977407604}