{"MSE": 13896.262103168843, "R2": 0.4574442695927087}