{"validation_accuracy": 0.344, "validation_precision": 0.3286213486213486, "validation_recall": 0.34877256554675906, "validation_f1": 0.32409736308316434}