{"Accuracy": 0.4939759036144578, "Precision": 0.4627673016638534, "Recall": 0.48174509803921567, "F1": 0.45136288998357965}