{"Accuracy": 0.29838709677419356, "Precision": 0.3320079793704082, "Recall": 0.2972826086956522, "F1": 0.3027113237639553}