{"validation_accuracy": 0.368, "validation_precision": 0.29648033126293993, "validation_recall": 0.36312339989759346, "validation_f1": 0.3232152882069813}