{"Accuracy": 0.3493975903614458, "Precision": 0.3348670919723551, "Recall": 0.33023856209150326, "F1": 0.3265079365079365}